patient_id,age,variant_brca1,variant_tp53,variant_apoe4,bmi,diagnosis_cancer
US-0001,63,0,0,1,29.6,0
US-0002,67,0,0,0,21.5,0
US-0003,34,0,0,0,31.1,0
US-0004,50,0,0,1,35.7,0
US-0005,65,0,0,1,23.2,0
US-0006,61,0,0,0,26.8,0
US-0007,44,0,1,0,29.9,0
US-0008,49,2,0,0,23.0,0
US-0009,53,0,0,0,35.2,0
US-0010,49,1,0,0,25.6,0
US-0011,50,0,0,2,31.8,0
US-0012,77,0,0,0,22.6,0
US-0013,50,0,0,0,29.1,0
US-0014,39,0,1,1,20.8,0
US-0015,58,0,0,0,29.7,0
US-0016,43,0,0,0,25.7,0
US-0017,54,1,1,0,34.2,0
US-0018,53,0,0,0,30.5,0
US-0019,55,0,0,2,27.9,0
US-0020,36,0,0,0,29.8,0
US-0021,33,1,0,0,34.2,0
US-0022,66,0,0,1,27.2,0
US-0023,28,0,0,2,23.4,0
US-0024,43,0,0,0,28.5,0
US-0025,69,0,0,2,31.8,0
US-0026,54,0,0,0,29.7,0
US-0027,68,0,0,2,29.9,0
US-0028,49,1,0,0,26.3,0
US-0029,27,0,1,0,31.3,0
US-0030,46,1,0,0,33.5,0
US-0031,38,0,0,0,32.7,0
US-0032,48,0,0,2,28.6,0
US-0033,58,1,0,0,34.5,0
US-0034,49,0,0,1,32.5,0
US-0035,62,0,0,0,34.5,0
US-0036,54,0,1,1,28.2,0
US-0037,49,0,0,0,30.3,0
US-0038,67,1,0,1,35.3,0
US-0039,68,0,0,1,33.4,0
US-0040,67,0,0,0,30.6,0
US-0041,58,0,0,0,30.4,0
US-0042,57,0,0,1,28.2,0
US-0043,60,0,0,0,26.8,0
US-0044,63,0,0,2,28.3,0
US-0045,55,1,0,0,28.9,0
US-0046,48,0,0,0,24.5,0
US-0047,80,0,0,0,27.7,1
US-0048,46,0,0,0,32.0,0
US-0049,47,1,0,1,21.4,0
US-0050,34,0,0,0,24.9,0
US-0051,55,0,0,0,32.5,0
US-0052,46,0,0,0,28.5,1
US-0053,32,0,0,0,30.5,0
US-0054,52,0,0,0,32.2,0
US-0055,73,0,0,0,32.9,0
US-0056,62,1,0,0,32.4,0
US-0057,45,0,0,0,28.4,0
US-0058,43,0,0,0,27.9,0
US-0059,60,0,0,0,26.1,0
US-0060,56,0,0,1,32.9,0
US-0061,68,1,1,0,28.6,0
US-0062,41,0,0,0,29.8,0
US-0063,60,0,0,0,31.9,0
US-0064,31,0,0,0,20.7,0
US-0065,45,0,0,0,30.0,0
US-0066,51,0,0,1,29.2,0
US-0067,71,0,0,0,24.6,0
US-0068,34,0,1,0,30.8,1
US-0069,43,0,0,0,27.6,0
US-0070,55,0,2,0,26.7,0
US-0071,41,0,0,0,26.0,0
US-0072,57,0,1,0,25.4,0
US-0073,38,0,0,1,27.9,0
US-0074,52,0,0,1,24.7,0
US-0075,58,0,0,0,32.8,0
US-0076,47,0,0,0,28.7,0
US-0077,56,0,0,0,27.3,0
US-0078,47,0,0,0,28.1,0
US-0079,53,0,0,2,30.0,0
US-0080,67,0,0,0,29.5,0
US-0081,49,1,0,1,30.9,0
US-0082,38,1,0,1,35.5,0
US-0083,33,0,0,2,34.2,0
US-0084,45,0,0,0,28.9,0
US-0085,51,0,1,0,25.5,0
US-0086,58,0,0,0,35.2,0
US-0087,46,0,1,0,25.3,0
US-0088,61,0,1,1,23.5,1
US-0089,43,0,0,0,25.7,0
US-0090,47,0,0,0,32.7,0
US-0091,77,1,2,0,26.4,1
US-0092,53,1,0,0,25.7,0
US-0093,64,0,0,0,25.6,0
US-0094,69,0,0,0,26.1,0
US-0095,35,0,0,0,28.2,0
US-0096,45,0,1,0,29.4,0
US-0097,76,0,0,0,28.8,1
US-0098,53,0,0,0,32.2,0
US-0099,61,0,0,1,28.5,0
US-0100,55,0,1,0,30.1,0
US-0101,46,0,0,0,32.6,0
US-0102,39,0,0,0,26.3,0
US-0103,60,0,0,0,27.6,0
US-0104,49,0,0,1,18.5,0
US-0105,38,0,0,0,25.8,0
US-0106,45,1,0,0,30.7,0
US-0107,52,0,0,1,30.5,0
US-0108,43,1,0,0,22.8,0
US-0109,60,0,0,0,24.1,0
US-0110,71,0,1,0,27.0,0
US-0111,51,1,0,0,32.6,0
US-0112,37,0,0,0,25.1,0
US-0113,53,2,0,2,24.7,0
US-0114,34,0,0,0,28.4,0
US-0115,57,0,0,0,26.1,0
US-0116,57,0,0,0,31.7,0
US-0117,59,0,0,0,28.4,0
US-0118,63,0,0,1,28.4,0
US-0119,65,1,0,0,29.2,0
US-0120,53,0,0,0,29.9,0
US-0121,42,0,0,0,30.8,0
US-0122,63,0,1,0,34.9,0
US-0123,74,0,0,0,22.3,0
US-0124,51,0,0,0,27.3,0
US-0125,39,0,0,2,29.7,0
US-0126,41,0,0,0,32.9,0
US-0127,45,0,0,0,26.2,0
US-0128,29,0,0,1,29.4,0
US-0129,71,0,0,0,37.1,0
US-0130,62,0,0,0,31.4,1
US-0131,42,0,0,0,25.5,0
US-0132,55,0,0,2,30.4,0
US-0133,40,1,0,0,25.0,0
US-0134,47,0,2,0,24.9,0
US-0135,61,0,0,0,30.5,0
US-0136,54,0,0,0,22.9,0
US-0137,61,0,0,0,30.0,0
US-0138,44,0,0,0,24.7,0
US-0139,58,0,0,0,31.7,0
US-0140,53,0,0,0,33.3,0
US-0141,58,0,0,1,26.6,0
US-0142,60,0,0,1,27.3,0
US-0143,62,0,0,0,32.3,0
US-0144,48,0,0,0,25.9,0
US-0145,50,0,0,0,24.9,0
US-0146,48,0,0,0,25.0,0
US-0147,40,0,0,0,33.1,0
US-0148,35,0,0,0,25.1,0
US-0149,80,0,0,0,29.5,0
US-0150,76,0,0,1,30.4,1
US-0151,52,0,0,0,24.4,0
US-0152,29,1,0,0,20.2,0
US-0153,52,0,0,0,31.1,0
US-0154,43,0,1,0,28.7,0
US-0155,59,0,0,0,30.8,0
US-0156,25,0,0,0,22.7,0
US-0157,46,0,0,1,24.0,0
US-0158,47,0,0,0,22.5,0
US-0159,48,0,0,0,30.7,0
US-0160,35,0,0,0,23.2,0
US-0161,75,0,0,1,27.7,0
US-0162,36,1,0,0,23.9,0
US-0163,50,0,0,1,29.9,0
US-0164,41,0,0,0,25.2,0
US-0165,48,0,0,0,33.0,0
US-0166,57,0,0,0,23.2,0
US-0167,52,0,0,0,29.8,0
US-0168,48,0,0,1,25.6,0
US-0169,47,0,0,0,29.8,0
US-0170,53,0,0,1,30.2,0
US-0171,66,0,0,1,28.0,0
US-0172,66,0,0,0,21.9,0
US-0173,72,1,0,0,34.0,0
US-0174,46,0,0,0,27.7,1
US-0175,50,0,0,0,26.2,0
US-0176,69,0,0,1,29.9,0
US-0177,25,0,0,0,32.7,0
US-0178,61,0,0,2,29.3,0
US-0179,35,0,0,0,32.3,0
US-0180,45,0,0,0,28.2,0
US-0181,56,0,0,0,26.8,0
US-0182,47,0,1,0,31.6,0
US-0183,51,0,0,1,29.6,0
US-0184,35,1,0,2,28.4,0
US-0185,64,0,0,0,29.9,0
US-0186,46,0,0,0,23.7,0
US-0187,68,2,0,2,27.2,0
US-0188,34,0,1,0,30.3,0
US-0189,60,0,0,0,30.2,0
US-0190,62,0,0,0,29.0,0
US-0191,67,0,0,0,25.4,0
US-0192,67,0,0,1,34.0,0
US-0193,46,0,0,0,24.8,0
US-0194,62,1,0,0,28.0,0
US-0195,59,0,0,0,30.5,0
US-0196,42,2,0,0,25.3,0
US-0197,58,0,0,0,27.9,0
US-0198,46,0,1,0,35.7,0
US-0199,63,0,1,1,27.0,0
US-0200,38,0,0,0,31.6,0
US-0201,54,0,0,0,27.8,0
US-0202,80,0,0,0,25.2,0
US-0203,42,0,0,0,34.6,0
US-0204,77,0,0,0,23.4,0
US-0205,58,0,0,0,29.1,0
US-0206,52,0,0,0,26.3,0
US-0207,41,0,0,0,26.9,0
US-0208,70,1,0,0,27.2,1
US-0209,62,0,0,0,24.9,0
US-0210,52,0,0,0,23.9,0
US-0211,53,0,0,2,34.9,0
US-0212,47,0,0,0,28.5,0
US-0213,40,0,0,0,23.8,0
US-0214,74,0,0,0,27.6,0
US-0215,59,2,0,0,25.9,0
US-0216,62,0,0,0,33.3,0
US-0217,57,0,0,0,25.7,1
US-0218,55,0,0,0,24.1,0
US-0219,55,0,0,0,31.4,0
US-0220,46,0,0,0,34.9,0
US-0221,48,0,0,0,29.9,0
US-0222,47,0,0,1,26.5,0
US-0223,65,2,0,2,25.9,0
US-0224,47,0,0,0,26.6,0
US-0225,64,0,0,0,30.7,0
US-0226,43,0,0,0,20.2,1
US-0227,63,1,0,0,33.4,0
US-0228,40,0,0,0,30.0,0
US-0229,54,1,2,0,29.4,0
US-0230,56,0,0,0,29.6,0
US-0231,70,1,0,0,24.1,0
US-0232,65,0,0,0,28.3,0
US-0233,56,0,0,0,30.3,0
US-0234,65,0,0,0,28.6,0
US-0235,48,0,0,0,21.7,0
US-0236,35,0,0,1,28.0,0
US-0237,54,0,0,0,33.1,0
US-0238,37,0,0,1,29.2,0
US-0239,47,0,0,0,20.2,0
US-0240,40,0,0,0,31.9,0
US-0241,44,0,0,1,24.0,0
US-0242,58,0,0,0,25.8,0
US-0243,56,0,0,0,30.0,0
US-0244,42,1,1,0,28.1,0
US-0245,41,0,0,0,26.4,0
US-0246,72,0,0,0,25.2,0
US-0247,40,0,0,1,34.4,0
US-0248,58,0,0,0,31.6,0
US-0249,50,0,0,0,29.0,0
US-0250,59,0,0,0,27.2,0
US-0251,39,0,1,1,26.3,0
US-0252,41,1,0,0,33.2,0
US-0253,61,0,0,0,28.7,0
US-0254,58,0,0,0,32.7,0
US-0255,61,0,0,0,30.4,0
US-0256,60,0,0,0,29.0,0
US-0257,69,1,0,2,39.2,0
US-0258,35,0,0,0,34.6,0
US-0259,50,0,2,0,23.9,0
US-0260,48,0,0,0,23.6,0
US-0261,41,0,0,0,24.8,0
US-0262,51,0,0,0,31.0,0
US-0263,47,0,0,0,32.7,1
US-0264,58,0,0,0,28.8,0
US-0265,25,0,0,0,24.4,0
US-0266,25,0,1,0,18.5,0
US-0267,55,0,0,0,29.9,0
US-0268,51,0,0,2,24.7,0
US-0269,58,0,0,0,30.8,0
US-0270,80,0,0,0,21.0,0
US-0271,26,1,0,0,30.9,1
US-0272,76,0,1,0,26.8,0
US-0273,52,0,0,0,25.9,0
US-0274,65,0,2,0,28.7,0
US-0275,54,0,0,2,31.2,0
US-0276,60,0,0,1,34.9,0
US-0277,46,0,0,0,22.0,0
US-0278,45,0,0,0,27.2,0
US-0279,65,0,0,0,21.6,0
US-0280,30,0,0,0,24.0,0
US-0281,57,0,0,0,30.5,0
US-0282,26,0,0,0,23.3,0
US-0283,56,1,0,0,25.7,0
US-0284,42,2,0,0,30.1,0
US-0285,43,0,0,0,29.6,0
US-0286,37,0,0,0,26.5,0
US-0287,42,0,0,0,27.3,0
US-0288,54,0,0,0,23.2,0
US-0289,59,0,0,1,28.0,0
US-0290,55,0,0,0,33.0,0
US-0291,45,2,0,0,32.1,0
US-0292,49,0,0,0,27.8,0
US-0293,40,0,0,0,26.1,0
US-0294,67,0,0,0,36.2,0
US-0295,37,0,0,1,26.8,0
US-0296,47,2,0,0,30.3,1
US-0297,64,0,0,0,22.8,1
US-0298,55,0,0,0,25.4,0
US-0299,74,0,0,0,29.3,0
US-0300,43,0,0,1,25.4,0
US-0301,49,0,0,0,23.8,0
US-0302,44,0,0,0,24.5,0
US-0303,45,0,0,0,28.4,0
US-0304,33,0,1,0,36.5,0
US-0305,42,0,0,0,26.1,0
US-0306,33,0,0,0,21.2,0
US-0307,55,0,0,0,26.8,0
US-0308,53,0,2,0,28.5,0
US-0309,44,0,0,0,28.6,0
US-0310,45,0,0,0,33.4,0
US-0311,33,0,0,1,26.8,0
US-0312,60,1,2,1,28.7,1
US-0313,52,0,0,0,30.1,0
US-0314,35,1,0,0,25.1,0
US-0315,49,0,0,0,27.9,0
US-0316,44,0,0,0,33.8,0
US-0317,61,0,0,0,23.3,0
US-0318,75,0,0,0,25.8,1
US-0319,53,0,0,1,30.8,0
US-0320,51,0,0,0,33.1,0
US-0321,40,0,0,0,31.9,0
US-0322,39,0,0,0,31.0,0
US-0323,59,0,0,0,33.0,0
US-0324,52,0,0,0,33.0,0
US-0325,32,0,0,0,30.7,0
US-0326,68,0,0,0,32.4,0
US-0327,54,0,0,0,30.5,0
US-0328,49,1,0,0,36.2,0
US-0329,39,1,0,1,29.3,0
US-0330,45,0,0,0,31.3,0
US-0331,80,0,0,0,25.8,0
US-0332,25,0,0,0,27.8,0
US-0333,41,0,0,0,30.4,0
US-0334,58,0,0,0,20.4,0
US-0335,58,0,1,0,27.5,0
US-0336,56,0,0,0,30.1,1
US-0337,50,0,0,0,26.3,0
US-0338,39,0,0,0,28.3,0
US-0339,65,0,0,0,28.6,0
US-0340,45,0,0,0,28.4,0
US-0341,69,1,0,1,22.9,0
US-0342,55,0,0,0,27.5,1
US-0343,32,0,0,0,24.1,0
US-0344,69,0,0,0,28.6,0
US-0345,57,0,0,0,29.8,0
US-0346,53,2,0,0,32.9,0
US-0347,46,2,0,0,26.2,1
US-0348,58,1,0,0,24.6,0
US-0349,49,0,0,0,27.2,0
US-0350,58,0,0,2,21.1,0
US-0351,50,0,0,0,33.0,1
US-0352,48,0,0,0,28.6,0
US-0353,53,0,0,0,23.4,0
US-0354,75,0,0,0,30.9,0
US-0355,42,0,0,1,31.0,0
US-0356,72,0,0,0,27.3,0
US-0357,46,0,0,0,24.2,0
US-0358,57,0,0,0,28.6,0
US-0359,64,0,0,1,33.9,0
US-0360,52,0,1,0,23.0,0
US-0361,42,0,0,2,34.0,0
US-0362,60,0,0,1,29.2,0
US-0363,80,0,0,1,32.5,0
US-0364,33,1,0,0,27.7,0
US-0365,40,1,0,0,35.8,0
US-0366,54,0,1,0,21.6,0
US-0367,60,0,0,1,27.5,0
US-0368,56,1,0,0,27.7,0
US-0369,65,1,0,0,28.8,0
US-0370,61,0,0,0,29.0,0
US-0371,48,0,2,2,29.7,1
US-0372,62,0,1,0,28.7,0
US-0373,72,0,0,0,34.2,0
US-0374,50,0,0,0,34.6,0
US-0375,61,0,0,0,26.5,0
US-0376,48,0,0,0,30.3,0
US-0377,55,0,0,1,23.2,0
US-0378,42,1,0,1,33.2,0
US-0379,59,0,0,0,26.1,0
US-0380,71,0,0,0,30.8,0
US-0381,43,0,0,0,35.6,0
US-0382,37,0,0,0,26.0,0
US-0383,36,0,0,0,22.1,0
US-0384,61,2,0,0,22.9,0
US-0385,45,0,0,0,31.5,0
US-0386,50,0,0,0,32.3,0
US-0387,56,0,0,0,29.2,0
US-0388,67,0,1,1,30.4,1
US-0389,38,0,0,0,27.5,0
US-0390,40,0,0,1,31.7,0
US-0391,62,0,0,0,22.3,0
US-0392,63,0,0,0,32.5,0
US-0393,53,1,0,1,31.2,0
US-0394,32,1,0,2,31.3,0
US-0395,51,0,0,1,25.3,0
US-0396,57,0,0,0,26.0,0
US-0397,56,0,0,0,32.2,0
US-0398,50,0,0,0,31.4,1
US-0399,37,0,0,0,33.6,0
US-0400,48,0,0,2,23.7,0
US-0401,47,0,0,0,23.0,1
US-0402,48,0,0,0,32.5,0
US-0403,41,0,0,0,25.3,0
US-0404,65,0,0,0,26.1,0
US-0405,66,0,0,0,37.9,0
US-0406,50,1,0,1,29.3,0
US-0407,47,2,0,0,26.7,0
US-0408,43,0,0,0,30.1,0
US-0409,49,0,0,0,31.1,0
US-0410,50,0,0,0,28.7,0
US-0411,51,0,0,0,30.0,0
US-0412,61,0,0,0,32.4,0
US-0413,47,0,0,0,34.4,0
US-0414,46,0,0,0,27.2,0
US-0415,63,0,0,0,29.0,0
US-0416,32,1,0,0,25.4,0
US-0417,68,0,0,0,31.5,0
US-0418,46,0,0,1,22.5,0
US-0419,49,1,2,0,26.4,0
US-0420,58,0,0,0,29.6,0
US-0421,44,0,0,1,23.5,0
US-0422,64,0,0,0,28.3,0
US-0423,36,0,0,0,31.3,0
US-0424,50,0,0,0,31.1,0
US-0425,71,0,0,0,30.7,0
US-0426,70,1,0,0,29.7,0
US-0427,54,0,0,0,30.6,0
US-0428,54,0,0,0,28.3,1
US-0429,58,0,0,0,28.1,0
US-0430,57,0,0,0,23.2,0
US-0431,34,0,0,0,28.3,0
US-0432,58,1,0,0,31.7,0
US-0433,48,0,0,0,23.1,0
US-0434,53,0,0,0,29.7,0
US-0435,47,0,1,0,25.9,0
US-0436,47,0,0,0,23.9,0
US-0437,45,0,0,1,29.1,0
US-0438,57,2,0,0,28.8,0
US-0439,53,0,0,0,30.1,0
US-0440,43,0,0,0,21.2,0
US-0441,48,0,1,0,29.7,1
US-0442,32,0,0,0,25.4,0
US-0443,53,1,0,0,31.3,0
US-0444,67,0,0,0,26.9,0
US-0445,48,0,0,0,29.5,0
US-0446,45,0,1,0,25.8,0
US-0447,64,0,0,1,29.3,0
US-0448,50,0,0,0,22.3,0
US-0449,54,1,1,0,28.1,1
US-0450,47,0,0,0,27.6,0
US-0451,55,0,0,2,27.5,0
US-0452,48,0,0,0,27.0,0
US-0453,42,0,0,1,30.2,0
US-0454,71,0,0,0,29.6,0
US-0455,49,0,0,0,28.6,0
US-0456,58,0,0,0,25.6,0
US-0457,61,2,0,0,33.8,1
US-0458,37,0,1,0,30.4,0
US-0459,43,1,0,0,29.2,0
US-0460,62,0,0,0,25.2,0
US-0461,42,0,0,0,30.4,0
US-0462,45,0,0,0,24.2,0
US-0463,72,0,0,0,24.5,0
US-0464,40,0,2,1,28.6,0
US-0465,33,0,0,2,32.7,0
US-0466,67,0,0,1,27.5,0
US-0467,57,1,0,0,33.4,0
US-0468,73,0,0,0,32.9,0
US-0469,64,2,0,0,27.2,0
US-0470,57,0,0,0,26.0,0
US-0471,53,0,0,0,23.5,0
US-0472,43,0,0,0,28.6,0
US-0473,57,0,0,0,33.8,0
US-0474,37,0,0,2,22.3,0
US-0475,61,0,1,0,28.1,0
US-0476,76,1,0,0,24.5,0
US-0477,37,0,0,1,24.8,0
US-0478,58,1,2,0,29.8,0
US-0479,69,0,0,0,27.2,0
US-0480,33,0,0,0,27.7,0
US-0481,43,0,0,0,23.0,0
US-0482,60,1,0,0,27.6,0
US-0483,57,1,0,0,30.7,0
US-0484,57,0,0,0,37.5,0
US-0485,62,2,0,0,24.3,0
US-0486,54,0,0,0,27.7,0
US-0487,58,0,0,0,26.5,0
US-0488,49,0,0,0,28.4,0
US-0489,32,1,0,0,31.2,0
US-0490,80,0,0,1,26.8,0
US-0491,58,0,0,0,26.1,0
US-0492,46,0,0,0,32.4,0
US-0493,64,0,0,0,22.9,0
US-0494,55,0,0,0,28.0,0
US-0495,59,0,0,0,19.5,0
US-0496,50,0,0,0,35.7,0
US-0497,49,2,0,0,20.1,0
US-0498,55,0,0,0,29.5,0
US-0499,39,0,0,1,23.3,0
US-0500,61,0,0,0,19.9,0
US-0501,27,0,0,0,22.1,0
US-0502,42,0,0,0,18.7,0
US-0503,51,0,0,0,27.5,0
US-0504,50,0,0,0,26.8,0
US-0505,76,0,0,0,27.1,0
US-0506,64,0,0,0,25.0,0
US-0507,43,0,0,0,23.2,0
US-0508,57,0,0,0,28.4,0
US-0509,43,0,0,2,27.1,1
US-0510,68,0,0,0,27.1,1
US-0511,68,0,0,1,24.6,0
US-0512,41,0,0,0,24.5,0
US-0513,53,0,0,0,35.8,0
US-0514,46,0,0,0,23.8,0
US-0515,61,1,0,0,27.5,0
US-0516,47,0,0,0,23.0,0
US-0517,59,0,0,2,29.3,0
US-0518,52,0,0,0,27.4,0
US-0519,33,0,0,2,28.3,0
US-0520,70,0,0,0,34.1,0
US-0521,43,1,0,1,28.3,0
US-0522,50,0,0,0,29.1,0
US-0523,74,0,0,0,26.7,1
US-0524,41,1,0,0,33.2,0
US-0525,51,0,0,0,22.4,0
US-0526,40,2,0,0,30.1,0
US-0527,60,0,0,0,26.6,0
US-0528,40,0,0,0,22.8,0
US-0529,60,0,0,0,21.3,0
US-0530,40,0,0,0,36.1,0
US-0531,52,0,0,0,27.7,0
US-0532,46,0,0,0,32.2,0
US-0533,36,0,0,1,28.4,0
US-0534,32,0,0,0,30.2,0
US-0535,59,0,0,0,27.2,0
US-0536,39,0,0,0,31.0,0
US-0537,49,0,0,0,28.0,0
US-0538,49,0,0,1,35.8,0
US-0539,65,1,0,0,36.4,0
US-0540,59,0,0,0,32.2,0
US-0541,38,0,0,1,32.8,0
US-0542,66,0,1,0,27.9,0
US-0543,43,0,0,0,25.0,0
US-0544,56,0,0,0,25.1,0
US-0545,48,1,1,0,33.4,1
US-0546,47,0,0,0,35.3,0
US-0547,50,0,0,0,24.5,0
US-0548,53,0,0,0,27.7,0
US-0549,46,0,0,0,25.7,1
US-0550,25,0,0,0,34.4,0
US-0551,28,0,2,0,26.3,0
US-0552,61,0,0,0,29.7,0
US-0553,54,0,0,0,30.3,0
US-0554,61,0,2,0,29.2,0
US-0555,43,1,0,0,32.2,0
US-0556,68,0,0,0,28.9,0
US-0557,66,0,0,0,31.2,0
US-0558,66,0,1,2,35.0,0
US-0559,34,0,0,2,29.4,0
US-0560,55,0,0,0,30.3,0
US-0561,38,0,0,0,26.5,0
US-0562,61,0,0,0,26.9,0
US-0563,68,0,0,1,25.8,0
US-0564,48,0,0,0,25.0,0
US-0565,46,0,0,1,31.4,0
US-0566,53,0,0,0,32.4,0
US-0567,51,0,1,0,24.0,0
US-0568,57,0,1,0,31.0,0
US-0569,56,0,0,1,34.8,0
US-0570,47,0,0,0,30.2,0
US-0571,44,0,0,0,23.0,0
US-0572,61,0,2,0,25.7,0
US-0573,70,0,0,0,24.3,0
US-0574,54,0,1,0,31.1,0
US-0575,61,2,0,0,24.5,1
US-0576,58,0,0,0,27.6,0
US-0577,74,0,0,0,32.2,0
US-0578,30,0,0,0,28.3,0
US-0579,42,0,0,0,27.0,0
US-0580,55,0,0,1,30.9,0
US-0581,43,0,0,0,30.6,0
US-0582,28,0,0,0,35.1,0
US-0583,54,0,0,0,23.5,1
US-0584,65,0,0,0,29.2,0
US-0585,55,0,0,0,28.1,0
US-0586,56,0,0,0,25.3,1
US-0587,70,0,0,0,32.4,0
US-0588,36,0,0,1,30.3,0
US-0589,54,0,0,0,24.4,0
US-0590,55,0,0,0,28.3,0
US-0591,25,0,0,0,32.0,0
US-0592,35,0,0,0,19.0,0
US-0593,74,0,1,0,28.9,0
US-0594,45,0,1,0,21.2,0
US-0595,45,0,0,0,31.5,0
US-0596,49,1,0,1,26.7,1
US-0597,49,0,0,0,34.7,0
US-0598,43,0,1,1,28.9,0
US-0599,55,0,0,0,20.8,0
US-0600,61,0,1,1,28.9,0
US-0601,64,1,0,0,25.1,0
US-0602,38,1,1,0,33.2,0
US-0603,62,0,0,0,26.3,0
US-0604,45,0,0,0,25.1,0
US-0605,45,0,0,0,31.3,0
US-0606,51,0,1,2,28.5,0
US-0607,45,0,0,0,28.6,0
US-0608,38,0,0,0,25.9,0
US-0609,59,0,0,0,38.6,0
US-0610,42,0,0,1,26.0,0
US-0611,40,0,0,0,18.9,0
US-0612,56,0,0,0,28.0,0
US-0613,49,0,0,1,21.6,0
US-0614,58,0,0,0,20.6,0
US-0615,65,0,1,0,24.4,0
US-0616,67,0,0,0,26.7,0
US-0617,60,0,0,0,30.9,0
US-0618,65,0,0,0,28.7,0
US-0619,52,0,0,0,25.3,0
US-0620,62,0,0,1,27.4,1
US-0621,58,0,0,0,25.8,0
US-0622,38,0,0,0,29.8,0
US-0623,37,0,0,0,32.7,0
US-0624,44,0,2,0,27.4,0
US-0625,56,0,0,2,23.6,0
US-0626,29,0,0,0,25.4,0
US-0627,54,0,0,0,20.8,0
US-0628,43,0,0,0,25.7,0
US-0629,33,0,0,0,34.5,0
US-0630,66,0,1,0,25.4,0
US-0631,41,0,0,0,26.6,0
US-0632,49,0,0,0,27.2,0
US-0633,48,0,2,0,28.3,0
US-0634,42,0,0,0,31.2,1
US-0635,36,1,0,0,22.0,0
US-0636,53,0,0,0,26.9,0
US-0637,51,0,0,1,29.2,0
US-0638,59,0,0,0,25.4,0
US-0639,43,0,0,0,19.9,0
US-0640,47,0,0,0,27.7,0
US-0641,66,0,0,0,34.9,0
US-0642,63,0,0,0,27.8,0
US-0643,62,0,0,0,26.3,0
US-0644,41,0,0,1,27.8,0
US-0645,41,0,0,1,28.5,0
US-0646,37,0,0,0,27.6,0
US-0647,62,0,0,1,26.8,0
US-0648,25,0,0,0,22.9,0
US-0649,62,0,0,0,27.3,0
US-0650,40,0,0,1,32.8,0
US-0651,44,0,0,0,25.8,0
US-0652,39,0,0,0,24.5,0
US-0653,73,0,0,0,28.8,0
US-0654,57,0,0,0,27.3,0
US-0655,37,0,0,1,25.5,0
US-0656,48,0,0,2,28.1,0
US-0657,45,0,0,1,23.1,0
US-0658,56,0,0,0,26.5,0
US-0659,45,0,1,1,30.3,0
US-0660,51,0,0,0,35.7,0
US-0661,53,0,0,0,25.2,0
US-0662,29,0,0,0,24.4,0
US-0663,52,0,0,2,24.5,0
US-0664,59,0,0,2,26.7,0
US-0665,43,0,0,0,35.5,0
US-0666,33,0,0,0,27.5,0
US-0667,38,1,0,0,25.7,1
US-0668,51,0,0,0,25.6,0
US-0669,52,0,0,1,27.6,0
US-0670,47,0,0,0,30.7,0
US-0671,57,0,0,1,26.5,0
US-0672,68,0,2,0,29.3,0
US-0673,42,0,0,0,27.8,0
US-0674,33,0,0,0,28.4,0
US-0675,60,1,0,0,30.6,0
US-0676,62,1,0,1,27.4,0
US-0677,50,0,0,0,23.6,0
US-0678,56,0,0,0,26.3,0
US-0679,80,0,0,0,20.5,1
US-0680,76,1,0,0,30.4,1
US-0681,56,0,1,1,31.5,0
US-0682,32,1,0,0,27.6,0
US-0683,48,0,0,0,35.3,0
US-0684,51,1,0,0,23.4,0
US-0685,54,1,0,0,24.2,1
US-0686,51,0,0,1,32.5,0
US-0687,45,0,1,0,26.9,0
US-0688,53,0,1,1,25.8,0
US-0689,63,0,0,2,26.1,0
US-0690,65,0,0,0,19.8,1
US-0691,58,0,0,0,31.2,0
US-0692,58,0,0,0,27.1,0
US-0693,33,2,0,0,26.2,0
US-0694,74,0,0,1,27.2,0
US-0695,63,0,0,1,35.0,1
US-0696,58,0,0,0,35.6,0
US-0697,57,0,0,1,20.0,0
US-0698,59,2,0,0,26.9,0
US-0699,52,0,0,0,26.4,0
US-0700,39,0,0,0,30.0,0
US-0701,25,0,0,1,34.0,0
US-0702,53,0,0,0,29.4,0
US-0703,63,1,0,0,21.1,0
US-0704,55,0,0,0,20.4,0
US-0705,54,0,0,0,27.9,0
US-0706,58,0,0,0,31.9,0
US-0707,52,1,0,0,27.9,0
US-0708,71,0,0,0,25.8,0
US-0709,48,1,0,0,27.8,0
US-0710,63,0,0,0,35.6,0
US-0711,63,0,0,0,33.5,0
US-0712,59,0,0,0,32.9,0
US-0713,74,1,0,2,30.4,0
US-0714,50,0,0,0,28.2,0
US-0715,59,2,0,0,32.7,0
US-0716,25,0,0,0,29.9,0
US-0717,47,0,0,0,29.4,0
US-0718,46,0,0,0,28.5,0
US-0719,55,0,0,0,23.0,0
US-0720,69,1,0,0,27.9,0
US-0721,71,1,0,1,31.4,1
US-0722,39,0,0,0,31.1,0
US-0723,52,1,0,2,20.2,0
US-0724,53,0,0,0,27.9,0
US-0725,37,0,0,0,26.5,0
US-0726,59,0,0,0,30.9,0
US-0727,50,0,0,0,29.4,0
US-0728,42,0,0,0,34.7,0
US-0729,49,0,1,0,35.0,0
US-0730,41,0,0,0,23.5,0
US-0731,57,0,1,0,28.0,1
US-0732,35,0,0,2,35.2,0
US-0733,46,0,0,0,29.1,0
US-0734,31,0,0,0,24.3,0
US-0735,68,0,0,0,23.1,1
US-0736,61,0,0,1,26.9,0
US-0737,59,0,0,0,32.1,0
US-0738,29,0,0,0,23.5,0
US-0739,42,0,0,0,34.9,0
US-0740,61,0,0,1,30.1,0
US-0741,62,0,0,0,27.0,0
US-0742,57,2,0,0,25.5,0
US-0743,49,0,0,0,29.7,0
US-0744,58,0,0,0,37.5,0
US-0745,37,0,0,0,28.6,0
US-0746,65,0,0,0,27.7,1
US-0747,70,0,0,0,26.1,0
US-0748,52,2,0,0,27.1,0
US-0749,60,0,0,0,24.7,0
US-0750,55,1,0,0,24.5,0
US-0751,65,0,1,0,27.1,0
US-0752,70,1,0,0,25.6,0
US-0753,48,0,0,0,20.9,0
US-0754,44,0,0,0,29.9,0
US-0755,57,0,0,0,24.1,0
US-0756,63,0,0,1,26.9,0
US-0757,53,0,0,0,27.0,0
US-0758,55,0,0,0,34.1,0
US-0759,52,0,0,0,36.3,0
US-0760,70,0,1,0,28.6,0
US-0761,38,1,1,0,33.5,0
US-0762,50,0,0,0,22.4,0
US-0763,47,2,0,0,26.7,0
US-0764,45,1,0,0,24.7,0
US-0765,54,0,0,0,36.8,0
US-0766,42,0,0,0,23.7,0
US-0767,49,1,0,0,27.4,0
US-0768,45,0,0,0,35.9,0
US-0769,68,0,1,2,23.9,1
US-0770,50,0,0,0,32.6,0
US-0771,43,0,0,0,30.1,0
US-0772,35,0,0,0,29.2,0
US-0773,71,0,1,0,37.3,0
US-0774,35,0,0,0,36.2,0
US-0775,41,1,0,2,24.9,1
US-0776,65,0,0,0,26.3,0
US-0777,49,0,0,0,25.2,0
US-0778,46,0,0,0,25.4,0
US-0779,65,2,0,0,26.1,1
US-0780,47,1,0,0,31.5,0
US-0781,41,0,0,1,28.6,0
US-0782,42,0,0,0,23.3,0
US-0783,45,0,0,0,32.6,0
US-0784,40,0,0,0,22.6,0
US-0785,36,0,0,0,29.0,0
US-0786,51,0,0,0,28.2,0
US-0787,60,0,0,0,29.7,0
US-0788,36,0,0,0,22.6,0
US-0789,42,0,1,0,26.6,0
US-0790,47,0,0,0,29.0,0
US-0791,62,0,0,0,25.4,0
US-0792,60,0,0,0,30.9,0
US-0793,60,0,0,0,31.6,0
US-0794,68,0,0,0,28.1,0
US-0795,48,0,0,1,35.6,0
US-0796,41,1,0,0,31.6,0
US-0797,60,1,1,0,30.7,0
US-0798,66,0,0,0,27.2,0
US-0799,61,0,0,0,35.8,0
US-0800,67,0,1,1,23.1,0
US-0801,48,1,0,1,31.0,0
US-0802,50,0,0,2,28.7,0
US-0803,57,0,1,0,29.8,0
US-0804,68,0,0,1,28.7,0
US-0805,52,1,0,1,33.7,0
US-0806,60,0,0,0,30.8,0
US-0807,38,0,0,0,28.3,0
US-0808,54,0,0,0,22.0,0
US-0809,65,0,0,0,28.7,0
US-0810,50,0,0,0,26.0,0
US-0811,67,0,1,1,29.5,0
US-0812,61,0,0,0,28.8,0
US-0813,68,0,0,0,33.8,0
US-0814,45,0,0,0,26.6,0
US-0815,61,2,0,0,26.7,0
US-0816,61,0,1,0,28.0,0
US-0817,66,0,0,0,24.9,0
US-0818,51,0,0,1,36.6,0
US-0819,56,0,0,0,28.5,0
US-0820,40,0,0,0,27.6,0
US-0821,56,0,0,0,22.5,0
US-0822,55,0,0,0,31.2,0
US-0823,44,2,0,0,27.7,0
US-0824,55,0,0,0,34.3,0
US-0825,67,0,0,0,30.0,0
US-0826,56,1,0,0,35.3,0
US-0827,66,2,0,0,24.9,0
US-0828,55,0,0,0,31.2,0
US-0829,63,0,0,0,29.9,0
US-0830,48,0,1,0,41.1,0
US-0831,61,0,0,0,29.5,1
US-0832,78,0,1,1,24.0,1
US-0833,55,0,0,0,27.9,0
US-0834,57,0,0,1,26.1,0
US-0835,62,0,0,1,24.0,0
US-0836,38,0,0,0,23.0,0
US-0837,42,0,1,0,27.4,0
US-0838,71,0,0,0,26.2,1
US-0839,29,0,0,0,23.9,0
US-0840,62,0,0,0,30.1,0
US-0841,36,0,0,2,26.1,0
US-0842,60,1,0,0,26.1,1
US-0843,63,1,1,0,26.8,0
US-0844,63,0,0,0,25.9,0
US-0845,78,1,0,0,39.8,0
US-0846,41,0,0,0,29.5,1
US-0847,65,0,0,0,31.8,0
US-0848,58,0,0,2,38.2,0
US-0849,44,0,0,0,27.4,0
US-0850,56,0,0,0,27.4,0
US-0851,47,1,0,0,23.6,1
US-0852,58,0,1,0,29.2,0
US-0853,48,0,1,1,26.3,0
US-0854,54,0,0,0,30.0,0
US-0855,59,0,2,0,31.7,0
US-0856,80,0,0,1,27.2,1
US-0857,26,0,0,0,31.4,0
US-0858,73,0,0,0,32.3,0
US-0859,47,0,0,0,31.2,0
US-0860,53,0,0,1,36.4,0
US-0861,34,0,0,0,28.0,0
US-0862,45,0,0,0,29.1,0
US-0863,33,0,0,0,26.6,0
US-0864,58,0,0,0,24.0,0
US-0865,71,1,0,0,32.7,0
US-0866,73,0,1,0,26.9,0
US-0867,46,0,0,0,27.2,0
US-0868,59,0,1,0,26.2,0
US-0869,31,0,0,0,26.9,0
US-0870,45,0,0,0,23.3,0
US-0871,67,0,0,0,24.2,0
US-0872,52,2,0,0,28.1,0
US-0873,44,0,0,0,22.7,0
US-0874,52,1,0,0,28.0,0
US-0875,48,0,0,0,27.9,0
US-0876,36,0,0,1,26.9,0
US-0877,73,0,0,0,23.9,0
US-0878,50,0,1,0,24.3,0
US-0879,56,0,0,1,26.5,0
US-0880,31,0,1,0,31.4,0
US-0881,29,0,2,0,34.3,0
US-0882,57,1,0,0,32.4,0
US-0883,62,0,0,0,32.5,0
US-0884,43,0,0,0,25.9,0
US-0885,62,0,0,0,30.3,0
US-0886,64,0,0,0,28.3,0
US-0887,49,0,0,0,31.6,0
US-0888,25,1,0,1,21.3,0
US-0889,59,1,0,1,26.7,0
US-0890,67,0,0,1,30.7,0
US-0891,66,0,0,0,32.7,0
US-0892,59,0,0,0,26.7,0
US-0893,44,0,0,0,31.1,0
US-0894,52,0,0,0,32.6,0
US-0895,53,1,0,0,28.3,0
US-0896,49,0,0,2,33.1,0
US-0897,52,1,0,0,24.5,0
US-0898,50,1,0,0,29.5,0
US-0899,42,0,0,0,25.2,0
US-0900,37,0,0,0,33.7,0
US-0901,50,0,0,0,26.6,0
US-0902,50,0,0,0,24.5,1
US-0903,63,1,0,0,25.5,0
US-0904,47,0,0,0,37.4,0
US-0905,55,0,0,0,31.0,0
US-0906,47,0,1,0,35.4,0
US-0907,48,0,0,0,28.8,0
US-0908,54,0,0,0,31.6,0
US-0909,44,0,0,0,26.7,0
US-0910,34,0,0,0,21.7,0
US-0911,41,0,1,0,22.3,0
US-0912,79,0,0,0,33.7,0
US-0913,58,0,0,0,27.3,0
US-0914,27,2,0,0,27.6,0
US-0915,43,0,0,0,31.7,0
US-0916,51,0,0,0,29.1,0
US-0917,52,0,0,0,28.8,0
US-0918,39,0,1,0,30.6,0
US-0919,62,0,0,0,25.2,0
US-0920,35,0,0,1,32.1,0
US-0921,68,0,0,0,25.8,0
US-0922,58,0,0,0,22.0,0
US-0923,52,0,0,2,31.0,0
US-0924,65,0,0,0,30.2,1
US-0925,46,0,0,0,18.9,0
US-0926,70,0,0,2,27.0,0
US-0927,36,0,0,0,27.7,0
US-0928,57,0,0,0,30.8,0
US-0929,50,0,2,0,29.4,1
US-0930,75,0,0,0,30.7,1
US-0931,61,0,0,0,28.1,1
US-0932,57,0,0,0,23.6,0
US-0933,53,1,1,2,27.1,0
US-0934,57,0,0,0,35.5,0
US-0935,64,0,0,0,34.9,0
US-0936,68,1,1,1,30.4,1
US-0937,25,0,0,0,31.8,0
US-0938,38,0,0,0,24.3,0
US-0939,66,0,0,1,32.5,0
US-0940,66,0,0,0,32.4,0
US-0941,42,0,0,0,24.4,0
US-0942,48,0,0,0,30.9,0
US-0943,44,1,0,0,29.3,1
US-0944,59,0,0,0,26.6,0
US-0945,52,1,0,0,28.3,0
US-0946,45,0,0,0,23.8,0
US-0947,33,0,0,0,28.5,0
US-0948,42,0,0,0,27.4,0
US-0949,37,0,1,0,23.5,0
US-0950,48,0,0,0,26.4,0
US-0951,59,1,0,0,29.4,0
US-0952,60,0,0,0,28.7,0
US-0953,39,0,0,0,30.1,0
US-0954,57,0,0,0,37.5,0
US-0955,25,0,0,0,33.3,0
US-0956,65,0,0,0,29.3,0
US-0957,40,0,0,0,27.3,1
US-0958,73,0,1,1,30.4,0
US-0959,50,0,0,0,33.1,0
US-0960,56,1,0,0,28.5,0
US-0961,31,0,0,0,33.6,0
US-0962,68,0,0,2,27.9,0
US-0963,53,0,0,0,29.4,0
US-0964,65,0,0,1,28.5,0
US-0965,79,0,0,0,27.7,0
US-0966,71,0,0,0,31.9,0
US-0967,33,0,0,0,33.3,0
US-0968,72,0,0,1,29.2,0
US-0969,59,0,0,0,26.5,0
US-0970,48,0,2,0,34.2,0
US-0971,53,0,0,0,29.1,0
US-0972,40,0,0,1,30.1,0
US-0973,38,0,0,0,22.4,0
US-0974,47,0,0,0,33.7,0
US-0975,27,0,1,0,28.8,0
US-0976,47,0,0,1,28.2,0
US-0977,45,0,0,0,23.9,0
US-0978,64,1,0,0,23.4,0
US-0979,62,0,0,0,26.9,0
US-0980,63,0,0,0,27.0,0
US-0981,50,0,0,0,34.7,0
US-0982,49,0,0,0,25.9,0
US-0983,67,0,0,0,30.4,0
US-0984,30,0,0,0,30.7,0
US-0985,52,0,0,0,28.5,0
US-0986,59,0,0,0,27.7,0
US-0987,55,0,0,0,31.2,0
US-0988,59,0,0,0,28.4,0
US-0989,69,0,0,0,31.3,0
US-0990,64,0,0,0,29.9,0
US-0991,67,0,0,0,27.3,0
US-0992,51,0,0,0,23.9,0
US-0993,52,0,0,0,32.5,0
US-0994,33,0,1,1,28.4,1
US-0995,46,0,1,0,27.2,0
US-0996,59,1,0,0,26.4,0
US-0997,63,0,0,0,31.2,0
US-0998,60,2,0,0,26.6,1
US-0999,41,0,0,0,28.1,0
US-1000,73,0,0,0,30.5,0
